id,tier,family,expected,s1kit_predicted,jev_predicted,s1kit_probabilities,jev_probabilities,s1kit_seconds,jev_seconds
easy-intent-00,easy,intent,track_order,track_order,track_order,"{""billing_question"": 0.00043042515542217525, ""cancel_order"": 0.00023038998356178194, ""change_address"": 5.8251710321223134e-05, ""report_damage"": 1.776576789592122e-05, ""track_order"": 0.9992631673827989}","{""report_damage"": 0.0, ""cancel_order"": 0.0, ""billing_question"": 0.0, ""change_address"": 0.0, ""track_order"": 1.0}",0.2151679999951739,0.5948562999983551
easy-intent-01,easy,intent,cancel_order,cancel_order,cancel_order,"{""billing_question"": 4.222696789008315e-06, ""cancel_order"": 0.9999634161756887, ""change_address"": 1.1478479948653663e-05, ""report_damage"": 6.143987574542945e-06, ""track_order"": 1.4738659999011903e-05}","{""cancel_order"": 1.0, ""change_address"": 0.0, ""report_damage"": 0.0, ""billing_question"": 0.0, ""track_order"": 0.0}",0.22079809999559075,0.5436850000114646
easy-intent-02,easy,intent,change_address,change_address,change_address,"{""billing_question"": 1.5687840606278027e-05, ""cancel_order"": 6.60482759617513e-05, ""change_address"": 0.9998753784119204, ""report_damage"": 2.1442735755747735e-05, ""track_order"": 2.1442735755747735e-05}","{""cancel_order"": 0.0, ""billing_question"": 0.0, ""track_order"": 0.0, ""report_damage"": 0.0, ""change_address"": 1.0}",0.20961100001295563,0.5839239000051748
easy-intent-03,easy,intent,report_damage,report_damage,report_damage,"{""billing_question"": 1.3006396180410305e-05, ""cancel_order"": 3.120072246073431e-05, ""change_address"": 1.670054327515719e-05, ""report_damage"": 0.9999306947775556, ""track_order"": 8.397560528019277e-06}","{""track_order"": 0.0, ""report_damage"": 1.0, ""billing_question"": 0.0, ""change_address"": 0.0, ""cancel_order"": 0.0}",0.20394010000745766,0.5747111999953631
easy-intent-04,easy,intent,billing_question,billing_question,billing_question,"{""billing_question"": 0.9981613796552937, ""cancel_order"": 0.001700487485786367, ""change_address"": 9.593493922255127e-05, ""report_damage"": 1.4712099423744578e-05, ""track_order"": 2.748582027375174e-05}","{""billing_question"": 1.0, ""report_damage"": 0.0, ""track_order"": 0.0, ""change_address"": 0.0, ""cancel_order"": 0.0}",0.2045306000072742,0.52666180000233
easy-intent-05,easy,intent,track_order,track_order,track_order,"{""billing_question"": 0.0005521350411002859, ""cancel_order"": 0.0009103167865609307, ""change_address"": 0.00017925200340821162, ""report_damage"": 7.472335217216598e-05, ""track_order"": 0.9982835728167584}","{""cancel_order"": 0.0, ""report_damage"": 0.0, ""track_order"": 1.0, ""billing_question"": 0.0, ""change_address"": 0.0}",0.213444699998945,0.5802969000069425
easy-intent-06,easy,intent,set_alarm,set_alarm,set_alarm,"{""play_music"": 1.5688425037568953e-05, ""send_message"": 4.0061796789546555e-05, ""set_alarm"": 0.9999126275447257, ""turn_off_lights"": 2.0144336496038867e-05, ""weather"": 1.1477896951043252e-05}","{""weather"": 0.0, ""send_message"": 0.0, ""turn_off_lights"": 0.0, ""play_music"": 0.0, ""set_alarm"": 1.0}",0.20505849999608472,0.5769274000049336
easy-intent-07,easy,intent,play_music,play_music,play_music,"{""play_music"": 0.9996932109351314, ""send_message"": 0.00026117840603318406, ""set_alarm"": 3.534665355578799e-05, ""turn_off_lights"": 4.493822706509848e-06, ""weather"": 5.770182573247142e-06}","{""set_alarm"": 0.0, ""play_music"": 1.0, ""send_message"": 0.0, ""turn_off_lights"": 0.0, ""weather"": 0.0}",0.18987400000332855,0.5771459999959916
easy-intent-08,easy,intent,weather,weather,weather,"{""play_music"": 0.0001233696971728427, ""send_message"": 0.0001233696971728427, ""set_alarm"": 6.6035040344691e-05, ""turn_off_lights"": 1.221525420589626e-05, ""weather"": 0.9996750103111037}","{""set_alarm"": 0.0, ""weather"": 1.0, ""send_message"": 0.0, ""play_music"": 0.0, ""turn_off_lights"": 0.0}",0.19930839999869931,0.5621700999909081
easy-intent-09,easy,intent,send_message,send_message,send_message,"{""play_music"": 8.939331461466942e-06, ""send_message"": 0.9999502490660203, ""set_alarm"": 2.1444341387495838e-05, ""turn_off_lights"": 7.888932325921601e-06, ""weather"": 1.1478328804719928e-05}","{""play_music"": 0.0, ""weather"": 0.0, ""turn_off_lights"": 0.0, ""set_alarm"": 0.0, ""send_message"": 1.0}",0.1774608999985503,0.5473474000027636
easy-intent-10,easy,intent,turn_off_lights,turn_off_lights,turn_off_lights,"{""play_music"": 8.938894309780849e-06, ""send_message"": 1.6700053158161964e-05, ""set_alarm"": 6.604999151738266e-05, ""turn_off_lights"": 0.9999013494431264, ""weather"": 6.96161788824985e-06}","{""turn_off_lights"": 1.0, ""set_alarm"": 0.0, ""send_message"": 0.0, ""play_music"": 0.0, ""weather"": 0.0}",0.17489690000365954,0.5830159000033746
easy-intent-11,easy,intent,set_alarm,set_alarm,set_alarm,"{""play_music"": 1.8924279039961432e-05, ""send_message"": 2.1444017519537263e-05, ""set_alarm"": 0.9999351470938967, ""turn_off_lights"": 1.3006454093014205e-05, ""weather"": 1.147815545069377e-05}","{""turn_off_lights"": 0.0, ""set_alarm"": 1.0, ""send_message"": 0.0, ""play_music"": 0.0, ""weather"": 0.0}",0.1939163000060944,0.5860907000023872
easy-fact-00,easy,fact,yes,yes,yes,"{""no"": 0.0001233945759863131, ""yes"": 0.9998766054240137}","{""yes"": 0.99, ""no"": 0.010000000000000009}",0.18660829999134876,0.5805540999863297
easy-fact-01,easy,fact,no,no,no,"{""no"": 0.9859363729567545, ""yes"": 0.014063627043245474}","{""yes"": 0.03, ""no"": 0.97}",0.17458619999524672,0.5837391999957617
easy-fact-02,easy,fact,yes,yes,yes,"{""no"": 0.00029595711351304566, ""yes"": 0.999704042886487}","{""yes"": 0.99, ""no"": 0.010000000000000009}",0.1723506999987876,0.5924105000012787
easy-fact-03,easy,fact,no,no,no,"{""no"": 0.9324533088603709, ""yes"": 0.0675466911396291}","{""yes"": 0.02, ""no"": 0.98}",0.2074472000094829,0.5499648999975761
easy-fact-04,easy,fact,yes,yes,yes,"{""no"": 0.00026119031909566104, ""yes"": 0.9997388096809043}","{""yes"": 0.99, ""no"": 0.010000000000000009}",0.18646019999869168,0.5855141000065487
easy-fact-05,easy,fact,no,no,no,"{""no"": 0.8354835371034368, ""yes"": 0.1645164628965632}","{""yes"": 0.04, ""no"": 0.96}",0.17499420000240207,0.5401382000127342
easy-fact-06,easy,fact,yes,yes,yes,"{""no"": 0.00013982207564722238, ""yes"": 0.9998601779243528}","{""yes"": 0.99, ""no"": 0.010000000000000009}",0.19641069999488536,0.6252772000007099
easy-fact-07,easy,fact,no,no,no,"{""no"": 0.9465966702001758, ""yes"": 0.053403329799824234}","{""yes"": 0.03, ""no"": 0.97}",0.16212870000163093,0.6312783000030322
easy-fact-08,easy,fact,yes,yes,yes,"{""no"": 4.0063692229086456e-05, ""yes"": 0.9999599363077709}","{""yes"": 0.99, ""no"": 0.010000000000000009}",0.16276619999553077,0.5633508000028087
easy-fact-09,easy,fact,no,no,no,"{""no"": 0.9820137900379085, ""yes"": 0.017986209962091555}","{""yes"": 0.02, ""no"": 0.98}",0.16338589999941178,0.6356298000027891
easy-fact-10,easy,fact,yes,yes,yes,"{""no"": 0.000552778636923601, ""yes"": 0.9994472213630764}","{""yes"": 0.99, ""no"": 0.010000000000000009}",0.17402740000397898,0.6308371999912197
easy-fact-11,easy,fact,no,no,no,"{""no"": 0.9820137900379085, ""yes"": 0.017986209962091555}","{""yes"": 0.01, ""no"": 0.99}",0.17828219999501016,0.5816860000049928
easy-extraction-00,easy,extraction,paypal,paypal,paypal,"{""bank_transfer"": 4.5389932421346394e-05, ""cash"": 0.00012338262849592997, ""credit_card"": 5.143353170805645e-05, ""paypal"": 0.9997797939073747}","{""credit_card"": 0.0, ""paypal"": 1.0, ""bank_transfer"": 0.0, ""cash"": 0.0}",0.1757383999938611,0.5412173000077019
easy-extraction-01,easy,extraction,cash,cash,cash,"{""bank_transfer"": 1.0782173335922546e-05, ""cash"": 0.9998836021272224, ""credit_card"": 9.610046486954561e-05, ""paypal"": 9.515234572081863e-06}","{""bank_transfer"": 0.0, ""credit_card"": 0.0, ""cash"": 1.0, ""paypal"": 0.0}",0.17044870000972878,0.5613473999983398
easy-extraction-02,easy,extraction,bank_transfer,bank_transfer,bank_transfer,"{""bank_transfer"": 0.9983684061172965, ""cash"": 0.0015009861907872935, ""credit_card"": 0.0001232084494052661, ""paypal"": 7.399242510929106e-06}","{""credit_card"": 0.0, ""cash"": 0.0, ""bank_transfer"": 1.0, ""paypal"": 0.0}",0.17252100000041537,0.5817853000044124
easy-extraction-03,easy,extraction,high,high,high,"{""high"": 0.996213529313935, ""low"": 0.0035929069904237646, ""medium"": 0.00017888030597160425, ""urgent"": 1.4683389669521729e-05}","{""low"": 0.0, ""high"": 1.0, ""medium"": 0.0, ""urgent"": 0.0}",0.16518090000317898,0.5570042999897851
easy-extraction-04,easy,extraction,low,low,low,"{""high"": 1.0782918907044177e-05, ""low"": 0.9999527425792919, ""medium"": 2.753514804817543e-05, ""urgent"": 8.939353752917601e-06}","{""medium"": 0.0, ""low"": 1.0, ""high"": 0.0, ""urgent"": 0.0}",0.1655276999954367,0.6132026999985101
easy-extraction-05,easy,extraction,urgent,urgent,urgent,"{""high"": 0.00033510798279644456, ""low"": 0.0006260641341627243, ""medium"": 9.601004453732343e-05, ""urgent"": 0.9989428178385035}","{""medium"": 0.0, ""high"": 0.0, ""low"": 0.0, ""urgent"": 1.0}",0.1634767999930773,0.6076868999953149
easy-extraction-06,easy,extraction,M,M,M,"{""L"": 5.143325704361378e-05, ""M"": 0.9997744549008789, ""S"": 0.00015842558494047118, ""XL"": 1.5686257136988922e-05}","{""S"": 0.0, ""XL"": 0.0, ""M"": 1.0, ""L"": 0.0}",0.16288420000637416,0.5994406999961939
easy-extraction-07,easy,extraction,XL,XL,XL,"{""L"": 0.028310485705630124, ""M"": 0.024983915945884047, ""S"": 0.00919106903644611, ""XL"": 0.9375145293120398}","{""XL"": 1.0, ""M"": 0.0, ""S"": 0.0, ""L"": 0.0}",0.15999879999435507,0.529324799994356
easy-extraction-08,easy,extraction,thursday,thursday,thursday,"{""friday"": 2.429488920891477e-05, ""monday"": 3.11952552398593e-05, ""thursday"": 0.9997554795409556, ""tuesday"": 9.51401531370047e-06, ""wednesday"": 0.00017951629928197613}","{""thursday"": 1.0, ""monday"": 0.0, ""tuesday"": 0.0, ""friday"": 0.0, ""wednesday"": 0.0}",0.16536700000870042,0.5308989000041038
easy-extraction-09,easy,extraction,monday,monday,monday,"{""friday"": 9.51536891277051e-06, ""monday"": 0.9998977189680275, ""thursday"": 1.7777049504759747e-05, ""tuesday"": 8.938861854145878e-06, ""wednesday"": 6.604975170087513e-05}","{""friday"": 0.0, ""tuesday"": 0.0, ""thursday"": 0.0, ""wednesday"": 0.0, ""monday"": 1.0}",0.16279399998893496,0.5655796999926679
easy-extraction-10,easy,extraction,friday,friday,friday,"{""friday"": 0.9981285247644295, ""monday"": 0.0017004315135439017, ""thursday"": 0.00012317884569450473, ""tuesday"": 7.874560151160746e-06, ""wednesday"": 3.999031618107439e-05}","{""thursday"": 0.0, ""monday"": 0.0, ""friday"": 1.0, ""tuesday"": 0.0, ""wednesday"": 0.0}",0.16841300000669435,0.5385187000065343
easy-extraction-11,easy,extraction,credit_card,credit_card,credit_card,"{""bank_transfer"": 7.483276559984711e-05, ""cash"": 0.00015842096601804872, ""credit_card"": 0.9997453063220754, ""paypal"": 2.1439946306670417e-05}","{""cash"": 0.0, ""credit_card"": 1.0, ""paypal"": 0.0, ""bank_transfer"": 0.0}",0.16152209999563638,0.5897943000018131
easy-tool_selection-00,easy,tool_selection,get_weather,get_weather,get_weather,"{""convert_currency"": 5.143725061448768e-05, ""create_calendar_event"": 5.143725061448768e-05, ""get_weather"": 0.9998520830810305, ""send_email"": 1.384414819155733e-05, ""translate_text"": 3.119826954900927e-05}","{""send_email"": 0.0, ""get_weather"": 1.0, ""translate_text"": 0.0, ""create_calendar_event"": 0.0, ""convert_currency"": 0.0}",0.1717210999922827,0.5243617999949493
easy-tool_selection-01,easy,tool_selection,send_email,send_email,send_email,"{""convert_currency"": 0.00012336914435339937, ""create_calendar_event"": 0.00012336914435339937, ""get_weather"": 6.603474444176606e-05, ""send_email"": 0.9996705307687577, ""translate_text"": 1.6696198093725858e-05}","{""create_calendar_event"": 0.0, ""convert_currency"": 0.0, ""get_weather"": 0.0, ""send_email"": 1.0, ""translate_text"": 0.0}",0.1749019999988377,0.5590436000056798
easy-tool_selection-02,easy,tool_selection,create_calendar_event,create_calendar_event,create_calendar_event,"{""convert_currency"": 7.889040969904254e-06, ""create_calendar_event"": 0.9999640200774863, ""get_weather"": 1.6701099864345378e-05, ""send_email"": 3.5007407095144467e-06, ""translate_text"": 7.889040969904254e-06}","{""convert_currency"": 0.0, ""send_email"": 0.0, ""get_weather"": 0.0, ""translate_text"": 0.0, ""create_calendar_event"": 1.0}",0.1760742000042228,0.5810609000036493
easy-tool_selection-03,easy,tool_selection,convert_currency,convert_currency,convert_currency,"{""convert_currency"": 0.9995507993506471, ""create_calendar_event"": 0.00037995820369475086, ""get_weather"": 5.142175111510368e-05, ""send_email"": 3.0881161858127322e-06, ""translate_text"": 1.4732578357428034e-05}","{""create_calendar_event"": 0.0, ""get_weather"": 0.0, ""translate_text"": 0.0, ""send_email"": 0.0, ""convert_currency"": 1.0}",0.1732181999977911,0.5402644999994664
easy-tool_selection-04,easy,tool_selection,translate_text,translate_text,translate_text,"{""convert_currency"": 0.0003799282869594453, ""create_calendar_event"": 9.606091450961589e-05, ""get_weather"": 4.537596304005658e-05, ""send_email"": 6.537027270802854e-06, ""translate_text"": 0.99947209780822}","{""convert_currency"": 0.0, ""translate_text"": 1.0, ""send_email"": 0.0, ""create_calendar_event"": 0.0, ""get_weather"": 0.0}",0.17066129999875557,0.5648443000100087
easy-tool_selection-05,easy,tool_selection,create_calendar_event,create_calendar_event,create_calendar_event,"{""convert_currency"": 8.939459134659437e-06, ""create_calendar_event"": 0.9999645305412272, ""get_weather"": 1.6701108389958045e-05, ""send_email"": 3.2886432308334585e-06, ""translate_text"": 6.540248017246665e-06}","{""translate_text"": 0.0, ""create_calendar_event"": 1.0, ""get_weather"": 0.0, ""convert_currency"": 0.0, ""send_email"": 0.0}",0.17954840000311378,0.5577865999948699
easy-tool_selection-06,easy,tool_selection,search_flights,search_flights,search_flights,"{""book_restaurant"": 4.538574417149971e-05, ""call_taxi"": 0.00013979793389773675, ""get_stock_price"": 9.608162116504349e-05, ""search_flights"": 0.9996875415653868, ""set_reminder"": 3.11931353790216e-05}","{""book_restaurant"": 0.0, ""search_flights"": 1.0, ""get_stock_price"": 0.0, ""set_reminder"": 0.0, ""call_taxi"": 0.0}",0.18404860000009649,0.535088699994958
easy-tool_selection-07,easy,tool_selection,book_restaurant,book_restaurant,book_restaurant,"{""book_restaurant"": 0.9981841719565218, ""call_taxi"": 0.001700526315201931, ""get_stock_price"": 5.818881064568116e-05, ""search_flights"": 5.761472470666192e-06, ""set_reminder"": 5.1351445159895156e-05}","{""search_flights"": 0.0, ""get_stock_price"": 0.0, ""set_reminder"": 0.0, ""call_taxi"": 0.0, ""book_restaurant"": 1.0}",0.18133539998962078,0.5516669999924488
easy-tool_selection-08,easy,tool_selection,set_reminder,set_reminder,set_reminder,"{""book_restaurant"": 0.00012337421170485136, ""call_taxi"": 0.00013980129714169146, ""get_stock_price"": 2.0140286413361612e-05, ""search_flights"": 5.092261876146177e-06, ""set_reminder"": 0.9997115919428639}","{""search_flights"": 0.0, ""call_taxi"": 0.0, ""get_stock_price"": 0.0, ""set_reminder"": 1.0, ""book_restaurant"": 0.0}",0.1827259999990929,0.5855298000096809
easy-tool_selection-09,easy,tool_selection,get_stock_price,get_stock_price,get_stock_price,"{""book_restaurant"": 3.5351333501191216e-05, ""call_taxi"": 8.480344054479899e-05, ""get_stock_price"": 0.9998255716871829, ""search_flights"": 1.8922205269898846e-05, ""set_reminder"": 3.5351333501191216e-05}","{""search_flights"": 0.0, ""call_taxi"": 0.0, ""book_restaurant"": 0.0, ""get_stock_price"": 1.0, ""set_reminder"": 0.0}",0.1627401000005193,0.5734217000135686
easy-tool_selection-10,easy,tool_selection,call_taxi,call_taxi,call_taxi,"{""book_restaurant"": 7.410913543623385e-06, ""call_taxi"": 0.999943160599464, ""get_stock_price"": 2.14441893724362e-05, ""search_flights"": 6.5401082475698645e-06, ""set_reminder"": 2.14441893724362e-05}","{""book_restaurant"": 0.0, ""search_flights"": 0.0, ""call_taxi"": 1.0, ""set_reminder"": 0.0, ""get_stock_price"": 0.0}",0.18402830000559334,0.5740621000004467
easy-tool_selection-11,easy,tool_selection,set_reminder,set_reminder,set_reminder,"{""book_restaurant"": 0.00010888499282389635, ""call_taxi"": 8.479971767597477e-05, ""get_stock_price"": 2.0141698401461127e-05, ""search_flights"": 4.494220389979394e-06, ""set_reminder"": 0.9997816793707087}","{""get_stock_price"": 0.0, ""set_reminder"": 1.0, ""search_flights"": 0.0, ""book_restaurant"": 0.0, ""call_taxi"": 0.0}",0.17720609999378212,0.557376299999305
original-policy-01-0,standard,policy,no,no,no,"{""no"": 0.9924227587321391, ""yes"": 0.007577241267860811}","{""yes"": 0.04, ""no"": 0.96}",0.1616041000088444,0.5811399000085657
original-policy-01-1,standard,policy,no,no,no,"{""no"": 0.9959298622841039, ""yes"": 0.004070137715896127}","{""yes"": 0.04, ""no"": 0.96}",0.16098819999024272,0.5752580999978818
original-policy-02-0,standard,policy,yes,yes,yes,"{""no"": 0.4687906266262437, ""yes"": 0.5312093733737563}","{""yes"": 0.88, ""no"": 0.12}",0.15965810000489,0.5824344000138808
original-policy-02-1,standard,policy,yes,no,yes,"{""no"": 0.8933094060543488, ""yes"": 0.10669059394565118}","{""yes"": 0.9, ""no"": 0.09999999999999998}",0.1634403000061866,0.5542127000080654
original-policy-03-0,standard,policy,yes,yes,no,"{""no"": 0.01798620996209155, ""yes"": 0.9820137900379085}","{""yes"": 0.48, ""no"": 0.52}",0.16263320000143722,0.583193400001619
original-policy-03-1,standard,policy,yes,no,yes,"{""no"": 0.9875683491468141, ""yes"": 0.012431650853185818}","{""yes"": 0.68, ""no"": 0.31999999999999995}",0.15840939999907278,0.5434958999976516
original-policy-04-0,standard,policy,no,no,no,"{""no"": 0.8175744761936437, ""yes"": 0.18242552380635632}","{""yes"": 0.05, ""no"": 0.95}",0.1618810000072699,0.5689894000097411
original-policy-04-1,standard,policy,no,no,no,"{""no"": 0.9875683491468141, ""yes"": 0.012431650853185818}","{""yes"": 0.07, ""no"": 0.9299999999999999}",0.16201250000449363,0.5272839999961434
original-policy-05-0,standard,policy,no,no,no,"{""no"": 0.9465966702001758, ""yes"": 0.053403329799824234}","{""yes"": 0.07, ""no"": 0.9299999999999999}",0.16384510000352748,0.5579908000072464
original-policy-05-1,standard,policy,no,no,no,"{""no"": 0.9933071490757152, ""yes"": 0.006692850924284856}","{""yes"": 0.05, ""no"": 0.95}",0.1605542999895988,0.5815586999960942
original-policy-06-0,standard,policy,yes,yes,yes,"{""no"": 0.022977369910025636, ""yes"": 0.9770226300899744}","{""yes"": 0.86, ""no"": 0.14}",0.1591573000041535,0.5555915000004461
original-policy-06-1,standard,policy,yes,yes,no,"{""no"": 0.08509904500702026, ""yes"": 0.9149009549929797}","{""yes"": 0.3, ""no"": 0.7}",0.16165160000673495,0.6169602000009036
original-intent-01-0,standard,intent,refund,refund,refund,"{""cancel"": 0.00019576643749185738, ""change_address"": 0.0003227642895820123, ""other"": 0.0373064794822629, ""refund"": 0.9621467869613489, ""status"": 2.8202829314332907e-05}","{""status"": 0.0, ""other"": 0.0, ""cancel"": 0.02, ""change_address"": 0.0, ""refund"": 0.98}",0.16396350000286475,0.5423627999989549
original-intent-01-1,standard,intent,refund,refund,refund,"{""cancel"": 0.0002855993774899088, ""change_address"": 0.0003667168596872397, ""other"": 0.14794414025706776, ""refund"": 0.8513597454226891, ""status"": 4.379808306589717e-05}","{""status"": 0.0, ""change_address"": 0.0, ""other"": 0.0, ""cancel"": 0.0, ""refund"": 1.0}",0.16216380000696518,0.5922621999925468
original-intent-02-0,standard,intent,status,other,status,"{""cancel"": 0.0011562924351580877, ""change_address"": 0.007539973819871925, ""other"": 0.9875416862894666, ""refund"": 0.0006189187406284198, ""status"": 0.0031431287148748883}","{""change_address"": 0.0, ""status"": 0.99, ""cancel"": 0.0, ""other"": 0.01, ""refund"": 0.0}",0.16655799999716692,0.5588374000071781
original-intent-02-1,standard,intent,status,status,status,"{""cancel"": 0.00025135962728561526, ""change_address"": 0.00025135962728561526, ""other"": 0.037305076356304374, ""refund"": 8.160452319255016e-05, ""status"": 0.9621105998659318}","{""refund"": 0.0, ""other"": 0.0, ""cancel"": 0.0, ""status"": 1.0, ""change_address"": 0.0}",0.16104349998931866,0.6052390999975614
original-intent-03-0,standard,intent,change_address,change_address,change_address,"{""cancel"": 1.2844685364723317e-05, ""change_address"": 0.9874983802424594, ""other"": 0.012430770074665254, ""refund"": 2.719219913050384e-05, ""status"": 3.0812798380215525e-05}","{""cancel"": 0.0, ""change_address"": 1.0, ""refund"": 0.0, ""other"": 0.0, ""status"": 0.0}",0.1704572000016924,0.5626563999976497
original-intent-03-1,standard,intent,change_address,change_address,change_address,"{""cancel"": 8.334143677357189e-06, ""change_address"": 0.9923793999304911, ""other"": 0.00757691021932501, ""refund"": 1.6574423808042596e-05, ""status"": 1.8781282698557443e-05}","{""other"": 0.0, ""cancel"": 0.0, ""status"": 0.0, ""change_address"": 1.0, ""refund"": 0.0}",0.16461240001081023,0.5530398999981117
original-intent-04-0,standard,intent,cancel,cancel,cancel,"{""cancel"": 0.7757794720752437, ""change_address"": 0.0009083443740810389, ""other"": 0.2222645400552232, ""refund"": 0.0009083443740810389, ""status"": 0.00013929912137097502}","{""refund"": 0.0, ""cancel"": 0.99, ""other"": 0.01, ""status"": 0.0, ""change_address"": 0.0}",0.16469140000117477,0.5725951999920653
original-intent-04-1,standard,intent,cancel,cancel,cancel,"{""cancel"": 0.590419291083097, ""change_address"": 0.0016583662771300716, ""other"": 0.4057888487527788, ""refund"": 0.0018791751815481323, ""status"": 0.00025431870544602957}","{""status"": 0.0, ""cancel"": 1.0, ""other"": 0.0, ""change_address"": 0.0, ""refund"": 0.0}",0.16629739999189042,0.6192800999997417
original-intent-05-0,standard,intent,other,other,other,"{""cancel"": 0.003400764794215408, ""change_address"": 0.0005215241722643039, ""other"": 0.832139708672702, ""refund"": 0.16385802403867178, ""status"": 7.997832214642108e-05}","{""other"": 0.96, ""cancel"": 0.0, ""status"": 0.0, ""change_address"": 0.0, ""refund"": 0.04}",0.16283739999926183,0.6267498000088381
original-intent-05-1,standard,intent,other,other,other,"{""cancel"": 0.003585047897035461, ""change_address"": 0.0003778612683646801, ""other"": 0.877232297185387, ""refund"": 0.11872048140388874, ""status"": 8.43122453240999e-05}","{""change_address"": 0.0, ""other"": 0.97, ""status"": 0.0, ""cancel"": 0.0, ""refund"": 0.03}",0.1626442999986466,0.5744057999982033
original-intent-06-0,standard,intent,status,status,status,"{""cancel"": 0.005442544529440501, ""change_address"": 0.0025708759975112774, ""other"": 0.07513200971763502, ""refund"": 0.0015593151148098896, ""status"": 0.9152952546406034}","{""change_address"": 0.0, ""cancel"": 0.01, ""other"": 0.0, ""status"": 0.99, ""refund"": 0.0}",0.1611974000115879,0.6058104999974603
original-intent-06-1,standard,intent,status,status,status,"{""cancel"": 0.001300262307076764, ""change_address"": 0.0007886489549107404, ""other"": 0.13263036105673873, ""refund"": 0.0004221333662055316, ""status"": 0.8648585943150683}","{""status"": 1.0, ""change_address"": 0.0, ""cancel"": 0.0, ""refund"": 0.0, ""other"": 0.0}",0.1673978999897372,0.5804532999900403
original-ordinal-01-0,standard,ordinal,0,0,0,"{""0"": 0.9364436737108847, ""1"": 0.05986484120088879, ""2"": 0.0033773432325608197, ""3"": 0.00031414185566573573}","{""0"": 1.0, ""1"": 0.0, ""2"": 0.0, ""3"": 0.0}",0.16278619998774957,0.5896555000072112
original-ordinal-01-1,standard,ordinal,0,0,0,"{""0"": 0.993503118468831, ""1"": 0.005907585486748515, ""2"": 0.000549491046518242, ""3"": 3.9804997902278016e-05}","{""0"": 1.0, ""1"": 0.0, ""2"": 0.0, ""3"": 0.0}",0.16344459999527317,0.5795093999913661
original-ordinal-02-0,standard,ordinal,1,1,1,"{""0"": 0.00149993381258026, ""1"": 0.9976684255580899, ""2"": 0.0007085185643882246, ""3"": 0.00012312206494158992}","{""0"": 0.0, ""1"": 1.0, ""2"": 0.0, ""3"": 0.0}",0.16149109999241773,0.5416147000069031
original-ordinal-02-1,standard,ordinal,1,1,1,"{""0"": 0.0008038903186919449, ""1"": 0.9989528310358017, ""2"": 0.00020325530324942018, ""3"": 4.0023342256979796e-05}","{""0"": 0.0, ""1"": 1.0, ""2"": 0.0, ""3"": 0.0}",0.1679121000051964,0.5700113000057172
original-ordinal-03-0,standard,ordinal,2,2,2,"{""0"": 0.0010315170096032904, ""1"": 0.0005521312681018943, ""2"": 0.9982767510756367, ""3"": 0.00013960064665804504}","{""0"": 0.0, ""1"": 0.0, ""2"": 1.0, ""3"": 0.0}",0.16226430000097025,0.5538195000117412
original-ordinal-03-1,standard,ordinal,2,2,2,"{""0"": 0.000910460665450956, ""1"": 0.0005522223080583717, ""2"": 0.9984413551783581, ""3"": 9.596184813260975e-05}","{""0"": 0.0, ""1"": 0.0, ""2"": 1.0, ""3"": 0.0}",0.16112930000235792,0.5638615999923786
original-ordinal-04-0,standard,ordinal,3,3,3,"{""0"": 0.000261087958529062, ""1"": 0.0002958514163215823, ""2"": 9.604889228026404e-05, ""3"": 0.9993470117328691}","{""0"": 0.0, ""1"": 0.0, ""2"": 0.0, ""3"": 1.0}",0.16188220000185538,0.5634940000018105
original-ordinal-04-1,standard,ordinal,3,3,3,"{""0"": 0.0002957334417844707, ""1"": 0.000552502807091355, ""2"": 0.00020325442391842084, ""3"": 0.9989485093272058}","{""0"": 0.0, ""1"": 0.0, ""2"": 0.0, ""3"": 1.0}",0.16508320000139065,0.6353055000072345
original-ordinal-05-0,standard,ordinal,0,0,0,"{""0"": 0.9891070707719206, ""1"": 0.008557452899570127, ""2"": 0.0019094258359437276, ""3"": 0.00042605049256567344}","{""0"": 0.99, ""1"": 0.01, ""2"": 0.0, ""3"": 0.0}",0.16190890000143554,0.5684124999970663
original-ordinal-05-1,standard,ordinal,0,0,0,"{""0"": 0.9919167098839797, ""1"": 0.004593485673906383, ""2"": 0.003157053455955781, ""3"": 0.00033275098615809327}","{""0"": 0.98, ""1"": 0.01, ""2"": 0.01, ""3"": 0.0}",0.1641513000067789,0.5751206999993883
original-ordinal-06-0,standard,ordinal,2,2,2,"{""0"": 0.0006259559864290141, ""1"": 0.00055240421917789, ""2"": 0.9987702581981085, ""3"": 5.138159628464684e-05}","{""0"": 0.0, ""1"": 0.0, ""2"": 1.0, ""3"": 0.0}",0.16245409999100957,0.548695300007239
original-ordinal-06-1,standard,ordinal,2,2,2,"{""0"": 8.48023419868453e-05, ""1"": 8.48023419868453e-05, ""2"": 0.9998126197794888, ""3"": 1.777553653752443e-05}","{""0"": 0.0, ""1"": 0.0, ""2"": 1.0, ""3"": 0.0}",0.16259419999551028,0.5551196999876993
original-extraction-01-0,standard,extraction,pickup,pickup,pickup,"{""courier"": 0.0016966340510411139, ""pickup"": 0.9958994696007455, ""post"": 0.0007072622971723281, ""unknown"": 0.0016966340510411139}","{""unknown"": 0.0, ""courier"": 0.0, ""pickup"": 1.0, ""post"": 0.0}",0.159575900004711,0.5659307000023546
original-extraction-01-1,standard,extraction,pickup,unknown,pickup,"{""courier"": 0.1410791479502918, ""pickup"": 0.1410791479502918, ""post"": 0.08556882867798672, ""unknown"": 0.6322728754214296}","{""unknown"": 0.0, ""courier"": 0.0, ""pickup"": 1.0, ""post"": 0.0}",0.162415200000396,0.5645169000054011
original-extraction-02-0,standard,extraction,unknown,unknown,unknown,"{""courier"": 8.476360447625715e-05, ""pickup"": 0.00017944455208438657, ""post"": 0.00037988411974370034, ""unknown"": 0.9993559077236958}","{""unknown"": 1.0, ""courier"": 0.0, ""pickup"": 0.0, ""post"": 0.0}",0.16142259999469388,0.5747754999902099
original-extraction-02-1,standard,extraction,unknown,unknown,unknown,"{""courier"": 5.139648686223673e-05, ""pickup"": 0.00017939136595788803, ""post"": 0.0007095066157929697, ""unknown"": 0.9990597055313869}","{""courier"": 0.0, ""unknown"": 1.0, ""pickup"": 0.0, ""post"": 0.0}",0.16181930000311695,0.5539036999980453
original-extraction-03-0,standard,extraction,courier,pickup,courier,"{""courier"": 0.056350770825411074, ""pickup"": 0.7778983963014525, ""post"": 0.01257355651876144, ""unknown"": 0.15317727635437506}","{""courier"": 0.99, ""unknown"": 0.01, ""post"": 0.0, ""pickup"": 0.0}",0.16369860000850167,0.5992003999999724
original-extraction-03-1,standard,extraction,courier,courier,courier,"{""courier"": 0.9824671007233915, ""pickup"": 0.012367435612417783, ""post"": 0.0006157383623705994, ""unknown"": 0.004549725301820048}","{""unknown"": 0.0, ""courier"": 1.0, ""pickup"": 0.0, ""post"": 0.0}",0.1599811000050977,0.5931256000039866
original-extraction-04-0,standard,extraction,post,post,post,"{""courier"": 0.00017789081755043002, ""pickup"": 0.0005479422934866379, ""post"": 0.9907029072981736, ""unknown"": 0.008571259590789275}","{""courier"": 0.0, ""pickup"": 0.0, ""unknown"": 0.01, ""post"": 0.99}",0.1582215999951586,0.6015864999935729
original-extraction-04-1,standard,extraction,post,post,post,"{""courier"": 0.00028812188910881176, ""pickup"": 0.0005382825545752727, ""post"": 0.9732376896338536, ""unknown"": 0.025935905922462296}","{""pickup"": 0.0, ""post"": 1.0, ""unknown"": 0.0, ""courier"": 0.0}",0.1633633000019472,0.555225199990673
original-extraction-05-0,standard,extraction,unknown,unknown,unknown,"{""courier"": 5.8274466892241975e-05, ""pickup"": 0.00020339787511718002, ""post"": 8.478884901966469e-05, ""unknown"": 0.999653538808971}","{""post"": 0.0, ""unknown"": 1.0, ""courier"": 0.0, ""pickup"": 0.0}",0.16322229999059346,0.5336726999958046
original-extraction-05-1,standard,extraction,unknown,unknown,unknown,"{""courier"": 0.00010884086060241893, ""pickup"": 0.00033525345267830953, ""post"": 0.00017944824199651565, ""unknown"": 0.9993764574447228}","{""unknown"": 0.99, ""post"": 0.0, ""courier"": 0.01, ""pickup"": 0.0}",0.16924390000349376,0.5443385999969905
original-extraction-06-0,standard,extraction,courier,courier,courier,"{""courier"": 0.9877864010766052, ""pickup"": 0.0011565789667152544, ""post"": 0.005183427314110648, ""unknown"": 0.005873592642568815}","{""unknown"": 0.0, ""courier"": 1.0, ""pickup"": 0.0, ""post"": 0.0}",0.16021079999336507,0.5772243000101298
original-extraction-06-1,standard,extraction,courier,courier,courier,"{""courier"": 0.6621865190575296, ""pickup"": 0.009445583399222595, ""post"": 0.015573134264470313, ""unknown"": 0.3127947632787775}","{""courier"": 1.0, ""post"": 0.0, ""unknown"": 0.0, ""pickup"": 0.0}",0.16287759999977425,0.6040553000057116
original-adequacy-01-0,standard,adequacy,yes,yes,yes,"{""no"": 0.015906391711814738, ""yes"": 0.9840936082881853}","{""yes"": 0.93, ""no"": 0.06999999999999995}",0.16245349998644087,0.5650674999924377
original-adequacy-01-1,standard,adequacy,yes,yes,yes,"{""no"": 0.047425873177566635, ""yes"": 0.9525741268224334}","{""yes"": 0.95, ""no"": 0.050000000000000044}",0.15803330000198912,0.5698343999974895
original-adequacy-02-0,standard,adequacy,no,no,no,"{""no"": 0.679178699175393, ""yes"": 0.32082130082460697}","{""yes"": 0.03, ""no"": 0.97}",0.1600928000116255,0.5334291000035591
original-adequacy-02-1,standard,adequacy,no,no,no,"{""no"": 0.5312093733737562, ""yes"": 0.46879062662624377}","{""yes"": 0.03, ""no"": 0.97}",0.15797689999453723,0.5697308999951929
original-adequacy-03-0,standard,adequacy,no,yes,no,"{""no"": 0.14804719803168942, ""yes"": 0.8519528019683106}","{""yes"": 0.03, ""no"": 0.97}",0.1627087999950163,0.6468853999977
original-adequacy-03-1,standard,adequacy,no,yes,no,"{""no"": 0.13296424019782938, ""yes"": 0.8670357598021706}","{""yes"": 0.2, ""no"": 0.8}",0.16425580000213813,0.5658913000079338
original-adequacy-04-0,standard,adequacy,yes,yes,yes,"{""no"": 0.07585818002124345, ""yes"": 0.9241418199787566}","{""yes"": 0.98, ""no"": 0.020000000000000018}",0.1635482999990927,0.5885066999908304
original-adequacy-04-1,standard,adequacy,yes,yes,yes,"{""no"": 0.07585818002124345, ""yes"": 0.9241418199787566}","{""yes"": 0.94, ""no"": 0.06000000000000005}",0.16277720000653062,0.5673367999988841
original-adequacy-05-0,standard,adequacy,no,no,no,"{""no"": 0.5312093733737562, ""yes"": 0.46879062662624377}","{""yes"": 0.23, ""no"": 0.77}",0.16048289999889676,0.5976585000025807
original-adequacy-05-1,standard,adequacy,no,yes,no,"{""no"": 0.16451646289656308, ""yes"": 0.8354835371034369}","{""yes"": 0.03, ""no"": 0.97}",0.1560442000045441,0.5778262000094401
original-adequacy-06-0,standard,adequacy,yes,yes,yes,"{""no"": 0.022977369910025636, ""yes"": 0.9770226300899744}","{""yes"": 0.97, ""no"": 0.030000000000000027}",0.15907339999102987,0.5925531999964733
original-adequacy-06-1,standard,adequacy,yes,yes,yes,"{""no"": 0.13296424019782938, ""yes"": 0.8670357598021706}","{""yes"": 0.82, ""no"": 0.18000000000000005}",0.1590890999941621,0.5382842999970308
original-routing-01-0,standard,routing,math,math,math,"{""coding"": 0.0011630342466537422, ""coding_agent"": 0.0014933655331816848, ""document"": 0.00025950801771395794, ""general"": 0.0035823976824115463, ""math"": 0.9932995894726301, ""tools"": 0.00020210504740893846}","{""coding_agent"": 0.0, ""general"": 0.0, ""math"": 1.0, ""tools"": 0.0, ""coding"": 0.0, ""document"": 0.0}",0.18405000001075678,0.550244300000486
original-routing-01-1,standard,routing,math,math,math,"{""coding"": 0.0013185958466817613, ""coding_agent"": 0.0011636567504575664, ""document"": 0.00022913760009526818, ""general"": 0.0031631469993325043, ""math"": 0.9938312443009918, ""tools"": 0.0002942185024411558}","{""general"": 0.0, ""math"": 1.0, ""coding"": 0.0, ""tools"": 0.0, ""coding_agent"": 0.0, ""document"": 0.0}",0.1842622999974992,0.6092319000017596
original-routing-02-0,standard,routing,coding,coding,coding,"{""coding"": 0.8490382141523918, ""coding_agent"": 0.1302042271814173, ""document"": 0.008323677763780266, ""general"": 0.010687813809012446, ""math"": 0.001276477327492391, ""tools"": 0.00046958976590591705}","{""coding_agent"": 0.0, ""coding"": 1.0, ""tools"": 0.0, ""document"": 0.0, ""general"": 0.0, ""math"": 0.0}",0.18240210000658408,0.6317822999990312
original-routing-02-1,standard,routing,coding,coding,coding,"{""coding"": 0.9715771188362498, ""coding_agent"": 0.02589165320964304, ""document"": 0.00113759984847237, ""general"": 0.0010039283426575714, ""math"": 0.0002538328363744694, ""tools"": 0.0001358669266028256}","{""document"": 0.0, ""tools"": 0.0, ""general"": 0.0, ""coding_agent"": 0.0, ""math"": 0.0, ""coding"": 1.0}",0.18264510000881273,0.5937086000049021
original-routing-03-0,standard,routing,coding_agent,coding_agent,coding_agent,"{""coding"": 2.9306289447337968e-05, ""coding_agent"": 0.9997916136444365, ""document"": 5.828251591834513e-05, ""general"": 4.5390469036578807e-05, ""math"": 3.535013282966593e-05, ""tools"": 4.0056948331642785e-05}","{""document"": 0.0, ""math"": 0.0, ""tools"": 0.0, ""general"": 0.0, ""coding_agent"": 1.0, ""coding"": 0.0}",0.1831916000082856,0.558323899997049
original-routing-03-1,standard,routing,coding_agent,coding_agent,coding_agent,"{""coding"": 2.4296676726553344e-05, ""coding_agent"": 0.9998290374213218, ""document"": 4.005844772639326e-05, ""general"": 3.535145604088898e-05, ""math"": 3.1197550457940005e-05, ""tools"": 4.005844772639326e-05}","{""coding"": 0.0, ""coding_agent"": 1.0, ""tools"": 0.0, ""math"": 0.0, ""document"": 0.0, ""general"": 0.0}",0.18367300000682008,0.5716594999976223
original-routing-04-0,standard,routing,document,document,document,"{""coding"": 0.0009002557210019725, ""coding_agent"": 0.0019058413763168311, ""document"": 0.9872502747156823, ""general"": 0.008541388466037197, ""math"": 0.0007011198604808483, ""tools"": 0.0007011198604808483}","{""document"": 0.99, ""tools"": 0.0, ""general"": 0.0, ""coding_agent"": 0.01, ""math"": 0.0, ""coding"": 0.0}",0.18493339999986347,0.5556407000112813
original-routing-04-1,standard,routing,document,document,document,"{""coding"": 0.043716476947617815, ""coding_agent"": 0.1346562288693891, ""document"": 0.46999642011264214, ""general"": 0.3230235006135566, ""math"": 0.01608239310947388, ""tools"": 0.012524980347320426}","{""coding"": 0.0, ""document"": 0.99, ""tools"": 0.0, ""coding_agent"": 0.01, ""math"": 0.0, ""general"": 0.0}",0.18322929998976178,0.6063759999960894
original-routing-05-0,standard,routing,tools,tools,tools,"{""coding"": 0.00013853524545902405, ""coding_agent"": 0.00033232877767532036, ""document"": 0.00012225692501638535, ""general"": 0.008570872140511793, ""math"": 0.0001778827762764619, ""tools"": 0.990658124135061}","{""tools"": 1.0, ""math"": 0.0, ""document"": 0.0, ""coding"": 0.0, ""coding_agent"": 0.0, ""general"": 0.0}",0.1860210000013467,0.6117397999914829
original-routing-05-1,standard,routing,tools,tools,tools,"{""coding"": 0.00031666150382847957, ""coding_agent"": 0.0009753860994962044, ""document"": 0.0002466162271501886, ""general"": 0.05325427660053712, ""math"": 0.0012524205428370448, ""tools"": 0.943954639026151}","{""coding"": 0.0, ""coding_agent"": 0.0, ""math"": 0.0, ""document"": 0.0, ""general"": 0.01, ""tools"": 0.99}",0.18942690000403672,0.6344829000008758
original-routing-06-0,standard,routing,general,general,general,"{""coding"": 0.0035102632795787287, ""coding_agent"": 0.012252022716714522, ""document"": 0.005107402934836582, ""general"": 0.9732987188064627, ""math"": 0.0030977964714846715, ""tools"": 0.002733795790922712}","{""document"": 0.0, ""tools"": 0.0, ""general"": 1.0, ""coding_agent"": 0.0, ""math"": 0.0, ""coding"": 0.0}",0.1846427999989828,0.548420699997223
original-routing-06-1,standard,routing,general,general,general,"{""coding"": 0.003525517254655775, ""coding_agent"": 0.01085935764894196, ""document"": 0.0021383343062946394, ""general"": 0.9775282233241342, ""math"": 0.002423050211317496, ""tools"": 0.003525517254655775}","{""coding"": 0.0, ""tools"": 0.0, ""general"": 1.0, ""math"": 0.0, ""document"": 0.0, ""coding_agent"": 0.0}",0.18729819999134634,0.5458129000035115
hard-opus-a-long_policy-01,hard,long_policy,pay_subject_to_15000_sublimit,pay_subject_to_15000_sublimit,pay_subject_to_15000_sublimit,"{""deny_repeated_seepage"": 0.00017821561972743388, ""deny_vacancy_exclusion"": 0.003158947444737891, ""pay_full_estimate_less_deductible"": 0.0016908627218868177, ""pay_subject_to_10000_sublimit"": 0.0024601907436432834, ""pay_subject_to_15000_sublimit"": 0.9925117834700046}","{""pay_subject_to_10000_sublimit"": 0.02, ""deny_vacancy_exclusion"": 0.4, ""deny_repeated_seepage"": 0.01, ""pay_full_estimate_less_deductible"": 0.09, ""pay_subject_to_15000_sublimit"": 0.48}",3.7868457000004128,0.7359953000122914
hard-opus-a-long_policy-04,hard,long_policy,cfo,vp_and_finance_director,vp_and_finance_director,"{""budget_holder"": 0.0036556753977718005, ""cfo"": 0.04453524345564723, ""department_head"": 0.04453524345564723, ""executive_committee"": 0.01275956087937932, ""vp_and_finance_director"": 0.8945142768115544}","{""executive_committee"": 0.0, ""department_head"": 0.02, ""vp_and_finance_director"": 0.95, ""budget_holder"": 0.0, ""cfo"": 0.03}",2.039847000007285,0.5587939000106417
hard-opus-a-long_policy-08,hard,long_policy,parts_covered_labour_charged,parts_covered_labour_charged,parts_covered_labour_charged,"{""full_repair_no_charge"": 0.03985990268553006, ""not_covered"": 0.20242528861834128, ""parts_covered_labour_charged"": 0.7065336805412081, ""pro_rata_replacement_credit"": 0.051181128154920555}","{""pro_rata_replacement_credit"": 0.0, ""parts_covered_labour_charged"": 0.87, ""full_repair_no_charge"": 0.06, ""not_covered"": 0.07}",1.852693699998781,0.5664820999954827
hard-opus-a-long_policy-09,hard,long_policy,license_required,license_required,license_required,"{""license_exception_lvs"": 0.011028260532056721, ""license_required"": 0.876083247207122, ""no_license_required"": 0.04942523469135926, ""shipment_prohibited"": 0.06346325756946199}","{""license_required"": 0.95, ""no_license_required"": 0.03, ""shipment_prohibited"": 0.0, ""license_exception_lvs"": 0.02}",1.950809300004039,0.5785617999936221
hard-opus-a-long_policy-11,hard,long_policy,yes,yes,yes,"{""no"": 0.03732688734412937, ""yes"": 0.9626731126558706}","{""yes"": 0.87, ""no"": 0.13}",1.7402894000115339,0.6224198999989312
hard-opus-a-long_policy-13,hard,long_policy,yes,no,no,"{""no"": 0.679178699175393, ""yes"": 0.32082130082460697}","{""yes"": 0.3, ""no"": 0.7}",1.8367120000038994,0.5839414999936707
hard-opus-a-long_policy-17,hard,long_policy,database_oncall,no_page_ticket_only,database_oncall,"{""database_oncall"": 0.032347472568168265, ""no_page_ticket_only"": 0.945331717937862, ""platform_oncall"": 0.006369595012019726, ""security_incident_response"": 0.01527986410691018, ""vendor_support"": 0.000671350375039998}","{""no_page_ticket_only"": 0.06, ""database_oncall"": 0.9, ""platform_oncall"": 0.03, ""security_incident_response"": 0.01, ""vendor_support"": 0.0}",1.8277643000037642,0.6247097000014037
hard-opus-a-long_policy-19,hard,long_policy,no,yes,yes,"{""no"": 0.060086650174007605, ""yes"": 0.9399133498259924}","{""yes"": 0.57, ""no"": 0.43000000000000005}",1.7811567000026116,0.6068213999969885
hard-opus-a-probability-03,hard,probability,yes,yes,yes,"{""no"": 0.060086650174007605, ""yes"": 0.9399133498259924}","{""yes"": 0.69, ""no"": 0.31000000000000005}",0.4155908999964595,0.5902809000108391
hard-opus-a-probability-04,hard,probability,on_time,late,late,"{""early"": 0.021777023737128157, ""late"": 0.9259826120437401, ""on_time"": 0.05224036421913178}","{""on_time"": 0.32, ""early"": 0.01, ""late"": 0.67}",0.8656942999950843,0.5932354000105988
hard-opus-a-probability-07,hard,probability,escalated,resolved_first_contact,resolved_first_contact,"{""escalated"": 0.04500716325317419, ""reopened"": 0.05099979741726045, ""resolved_first_contact"": 0.9039930393295654}","{""resolved_first_contact"": 0.57, ""escalated"": 0.43, ""reopened"": 0.0}",0.9165524000127334,0.5991595999948913
hard-opus-a-probability-08,hard,probability,no,yes,no,"{""no"": 0.18242552380635635, ""yes"": 0.8175744761936437}","{""yes"": 0.27, ""no"": 0.73}",0.30939730000682175,0.6941150999919046
hard-opus-a-temporal_numeric-03,hard,temporal_numeric,yes,yes,no,"{""no"": 0.22270013882530892, ""yes"": 0.7772998611746911}","{""yes"": 0.32, ""no"": 0.6799999999999999}",0.3804346999968402,0.6133274999883724
hard-opus-a-temporal_numeric-06,hard,temporal_numeric,no,yes,no,"{""no"": 0.025957357197796904, ""yes"": 0.9740426428022031}","{""yes"": 0.25, ""no"": 0.75}",0.4053095999988727,0.5802891000057571
hard-opus-a-temporal_numeric-07,hard,temporal_numeric,sep_26,sep_27,sep_24,"{""sep_24"": 0.053169251764952095, ""sep_25"": 0.1445290109054333, ""sep_26"": 0.2700157403557533, ""sep_27"": 0.3467070735225452, ""sep_28"": 0.18557892345131613}","{""sep_24"": 0.59, ""sep_26"": 0.06, ""sep_25"": 0.24, ""sep_27"": 0.05, ""sep_28"": 0.06}",0.9436017000116408,0.6109296999929938
hard-opus-a-temporal_numeric-09,hard,temporal_numeric,no,yes,yes,"{""no"": 0.05340332979982432, ""yes"": 0.9465966702001757}","{""yes"": 0.78, ""no"": 0.21999999999999997}",0.4069002000032924,0.5646424000005936
hard-opus-a-temporal_numeric-12,hard,temporal_numeric,1,3,0,"{""0"": 0.008089115349310895, ""1"": 0.010386629707034127, ""2"": 0.046549644835663505, ""3"": 0.9349746101079914}","{""0"": 0.39, ""1"": 0.18, ""2"": 0.2, ""3"": 0.23}",0.4551528000010876,0.5748677000083262
hard-opus-b-ambiguous-02,hard,ambiguous,real_incident,real_incident,real_incident,"{""cannot_determine"": 0.03074085619514343, ""false_positive"": 0.42436442988907774, ""real_incident"": 0.5448947139157788}","{""cannot_determine"": 0.19, ""false_positive"": 0.01, ""real_incident"": 0.8}",0.4065386999864131,0.5906520999997156
hard-opus-b-ambiguous-03,hard,ambiguous,time_barred,time_barred,within_limitation,"{""insufficient_information"": 0.0068583075165016575, ""time_barred"": 0.7927125673622774, ""within_limitation"": 0.20042912512122105}","{""time_barred"": 0.14, ""insufficient_information"": 0.01, ""within_limitation"": 0.85}",0.39200009999331087,0.5729172999999719
hard-opus-b-ambiguous-07,hard,ambiguous,within_policy,over_limit,within_policy,"{""insufficient_information"": 0.008219445817846165, ""over_limit"": 0.9500387640657337, ""within_policy"": 0.041741790116420166}","{""insufficient_information"": 0.01, ""within_policy"": 0.82, ""over_limit"": 0.17}",0.38775740000710357,0.5525209999905201
hard-opus-b-ambiguous-09,hard,ambiguous,legitimate,compromised,legitimate,"{""compromised"": 0.7282647777250689, ""inconclusive"": 0.0038215828205880407, ""legitimate"": 0.26791363945434304}","{""legitimate"": 0.75, ""inconclusive"": 0.06, ""compromised"": 0.19}",0.46271019999403507,0.5696019000024535
hard-opus-b-ambiguous-10,hard,ambiguous,ask_user_which_alex,ask_user_which_alex,ask_user_which_alex,"{""ask_user_which_alex"": 0.4554433398186508, ""send_to_alex_moreno"": 0.35469962969542124, ""send_to_alexandra_lind"": 0.189857030485928}","{""send_to_alexandra_lind"": 0.2, ""ask_user_which_alex"": 0.74, ""send_to_alex_moreno"": 0.06}",0.32592529999965336,0.5344307000050321
hard-opus-b-ambiguous-11,hard,ambiguous,cannot_determine,cannot_determine,cannot_determine,"{""cannot_determine"": 0.8128825080418176, ""grade_correct"": 0.14125779898431481, ""grade_should_be_higher"": 0.04585969297386759}","{""cannot_determine"": 0.89, ""grade_correct"": 0.11, ""grade_should_be_higher"": 0.0}",0.38659790001111105,0.6058894999878248
hard-opus-b-ambiguous-13,hard,ambiguous,cannot_determine,cannot_determine,cannot_determine,"{""cannot_determine"": 0.5220127371890727, ""charge_data_team"": 0.1694727231209182, ""charge_platform_team"": 0.19203775404149107, ""split_50_50"": 0.11647678564851799}","{""charge_platform_team"": 0.0, ""cannot_determine"": 1.0, ""split_50_50"": 0.0, ""charge_data_team"": 0.0}",0.46258800000941847,0.5741777999937767
hard-opus-b-multi_hop-03,hard,multi_hop,tier3_cfo,tier2_department_head,tier4_board,"{""tier1_team_lead"": 0.009582561221862419, ""tier2_department_head"": 0.5231901152930344, ""tier3_cfo"": 0.14989647770129025, ""tier4_board"": 0.3173308457838129}","{""tier1_team_lead"": 0.06, ""tier4_board"": 0.33999999999999997, ""tier3_cfo"": 0.32, ""tier2_department_head"": 0.28}",2.329032100009499,0.5346618000039598
hard-opus-b-multi_hop-04,hard,multi_hop,bjorn,dmitri,esra,"{""ana"": 0.005519544643570949, ""bjorn"": 0.013240699279410779, ""chen"": 0.011684876102134098, ""dmitri"": 0.8191730573600696, ""esra"": 0.00803089006899761, ""no_page_ticket_only"": 0.142350932545817}","{""dmitri"": 0.0, ""chen"": 0.26, ""no_page_ticket_only"": 0.15, ""bjorn"": 0.13, ""ana"": 0.09, ""esra"": 0.37}",1.8596134999970673,0.5422686999954749
hard-opus-b-multi_hop-05,hard,multi_hop,2,3,1,"{""0"": 0.021390072702089744, ""1"": 0.12309136961140278, ""2"": 0.05131211694120314, ""3"": 0.6251095547471176, ""4"": 0.1790968859981868}","{""0"": 0.08, ""1"": 0.44, ""2"": 0.09, ""3"": 0.14, ""4"": 0.25}",2.0200350000086473,0.5605865999968955
hard-opus-b-multi_hop-07,hard,multi_hop,credit_20_percent,credit_50_percent,credit_20_percent,"{""credit_10_percent"": 0.011234095119411598, ""credit_20_percent"": 0.07325550225426636, ""credit_25_percent"": 0.2897311317917047, ""credit_50_percent"": 0.4776858797690057, ""credit_full_month"": 0.13685929594620017, ""no_credit"": 0.011234095119411598}","{""credit_25_percent"": 0.17, ""credit_full_month"": 0.23, ""credit_20_percent"": 0.39, ""no_credit"": 0.02, ""credit_10_percent"": 0.05, ""credit_50_percent"": 0.14}",2.085982199991122,0.5477342999947723
hard-opus-b-multi_hop-08,hard,multi_hop,no,yes,no,"{""no"": 0.04208772791561888, ""yes"": 0.9579122720843811}","{""yes"": 0.27, ""no"": 0.73}",1.7755890999978874,0.594371900006081
hard-opus-b-probability-01,hard,probability,merchant_wins,merchant_wins,merchant_wins,"{""customer_wins"": 0.05127094282878099, ""customer_withdraws"": 0.039929850423863864, ""merchant_wins"": 0.9087992067473553}","{""customer_wins"": 0.03, ""merchant_wins"": 0.97, ""customer_withdraws"": 0.0}",1.4226749999943422,0.56687840000086
hard-opus-b-probability-02,hard,probability,upstream_provider,bad_push,bad_push,"{""bad_push"": 0.7661572065563422, ""database_hardware"": 0.17095278019779026, ""upstream_provider"": 0.0628900132458675}","{""upstream_provider"": 0.32, ""database_hardware"": 0.03, ""bad_push"": 0.65}",0.398493700005929,0.5747953999962192
hard-opus-b-probability-03,hard,probability,yes,yes,yes,"{""no"": 0.03732688734412937, ""yes"": 0.9626731126558706}","{""yes"": 0.62, ""no"": 0.38}",0.8501056999957655,0.620681100001093
hard-opus-b-probability-04,hard,probability,attended,no_show,attended,"{""attended"": 0.32872894740426967, ""late_cancellation"": 0.057124525516753906, ""no_show"": 0.6141465270789764}","{""no_show"": 0.01, ""late_cancellation"": 0.0, ""attended"": 0.99}",0.4577893999958178,0.569048199991812
hard-opus-b-probability-06,hard,probability,upheld,upheld,upheld,"{""modified"": 0.03394613529142275, ""overturned"": 0.28422751091318177, ""upheld"": 0.6818263537953955}","{""overturned"": 0.03, ""modified"": 0.0, ""upheld"": 0.97}",0.7224961000028998,0.5847437999909744
hard-opus-b-tradeoff-01,hard,tradeoff,escalate_to_engineering,escalate_to_security,escalate_to_security,"{""escalate_to_engineering"": 0.08066027772701054, ""escalate_to_security"": 0.8671797094356712, ""page_oncall"": 0.015882950409661187, ""process_refund"": 0.015882950409661187, ""send_kb_article"": 0.020394112017995937}","{""process_refund"": 0.0, ""send_kb_article"": 0.01, ""page_oncall"": 0.0, ""escalate_to_security"": 0.89, ""escalate_to_engineering"": 0.1}",0.6230384999944363,0.5629878000036115
hard-opus-b-tradeoff-03,hard,tradeoff,order_b,order_b,order_b,"{""order_a"": 0.005815951998699133, ""order_b"": 0.9780927352695616, ""order_c"": 0.013951743560577913, ""order_d"": 0.00213956917116137}","{""order_b"": 0.87, ""order_d"": 0.03, ""order_a"": 0.07, ""order_c"": 0.03}",0.5495284999924479,0.5795501999964472
hard-opus-b-tradeoff-06,hard,tradeoff,yes,yes,yes,"{""no"": 0.06754669113962908, ""yes"": 0.9324533088603709}","{""yes"": 0.83, ""no"": 0.17000000000000004}",0.565485200000694,0.5723409000056563
hard-opus-b-tradeoff-07,hard,tradeoff,p0_fix_24h,p2_fix_30d,p0_fix_24h,"{""out_of_scope"": 0.0007962572475835081, ""p0_fix_24h"": 0.22078006610558198, ""p1_fix_7d"": 0.006666980308195084, ""p2_fix_30d"": 0.7705981488795779, ""p3_backlog"": 0.0011585474590615238}","{""p3_backlog"": 0.0, ""p1_fix_7d"": 0.09, ""p0_fix_24h"": 0.87, ""p2_fix_30d"": 0.04, ""out_of_scope"": 0.0}",0.543285100007779,0.6193328000081237
hard-opus-b-tradeoff-08,hard,tradeoff,yes,yes,yes,"{""no"": 0.02931223075135636, ""yes"": 0.9706877692486436}","{""yes"": 0.52, ""no"": 0.48}",0.46410199999809265,0.6012334999977611
hard-opus-b-tradeoff-12,hard,tradeoff,refund_now,refund_now,refund_now,"{""deny_refund"": 0.002144118541763154, ""escalate_to_fraud_team"": 0.00453909898853214, ""offer_store_credit"": 0.009609272634129116, ""refund_now"": 0.980172455988868, ""wait_for_inspection"": 0.0035350538467074527}","{""offer_store_credit"": 0.0, ""refund_now"": 0.99, ""deny_refund"": 0.0, ""escalate_to_fraud_team"": 0.0, ""wait_for_inspection"": 0.01}",0.46102930000051856,0.5424020000064047
hard-opus-c-long_policy-02,hard,long_policy,erase_but_retain_transaction_records,erase_but_retain_transaction_records,erase_but_retain_transaction_records,"{""erase_all"": 0.0006226215287364314, ""erase_but_retain_transaction_records"": 0.993449824744679, ""erase_marketing_only"": 0.0005494615705923865, ""reject_unverified_request"": 0.0013180897866784344, ""restrict_all_pending_legal_hold"": 0.0040600023693136865}","{""erase_marketing_only"": 0.0, ""restrict_all_pending_legal_hold"": 0.01, ""reject_unverified_request"": 0.0, ""erase_all"": 0.06, ""erase_but_retain_transaction_records"": 0.93}",2.9517310000082944,0.6880468000017572
hard-opus-c-long_policy-03,hard,long_policy,eur_400,eur_300,eur_200,"{""eur_0"": 0.17585156453356976, ""eur_150"": 0.06469217528973346, ""eur_200"": 0.044462238498300076, ""eur_300"": 0.28993021493239274, ""eur_400"": 0.19926592832059578, ""eur_600"": 0.2257978784254082}","{""eur_300"": 0.12, ""eur_150"": 0.18, ""eur_200"": 0.47, ""eur_600"": 0.07, ""eur_400"": 0.12, ""eur_0"": 0.04}",2.8484444999921834,0.6770539999997709
hard-opus-c-long_policy-04,hard,long_policy,yes,yes,yes,"{""no"": 0.0011695102650555178, ""yes"": 0.9988304897349445}","{""yes"": 0.92, ""no"": 0.07999999999999996}",2.636968099992373,0.6085013999982039
hard-opus-c-long_policy-05,hard,long_policy,1,2,2,"{""0"": 0.09685128327332285, ""1"": 0.0665648486309022, ""2"": 0.6315496997971917, ""3"": 0.20503416829858334}","{""0"": 0.09, ""1"": 0.16, ""2"": 0.46, ""3"": 0.29}",2.604068999993615,0.6260493000008864
hard-opus-c-long_policy-08,hard,long_policy,1,2,2,"{""0"": 0.0018186228403974328, ""1"": 0.23819258653090747, ""2"": 0.6474745796406245, ""3"": 0.11251421098807061}","{""0"": 0.01, ""1"": 0.25, ""2"": 0.67, ""3"": 0.07}",2.6170769999880577,0.6281455999996979
hard-opus-c-long_policy-10,hard,long_policy,credit_minus_restocking_fee,full_credit,credit_minus_restocking_fee,"{""credit_minus_restocking_fee"": 0.0056983279083152125, ""full_credit"": 0.6586371542839196, ""reject_return"": 0.14696181371507705, ""repair_or_replace_only"": 0.18870270409268808}","{""reject_return"": 0.06, ""credit_minus_restocking_fee"": 0.89, ""repair_or_replace_only"": 0.0, ""full_credit"": 0.05}",2.979912399998284,0.5986131000099704
hard-opus-c-long_policy-11,hard,long_policy,no,yes,yes,"{""no"": 0.007577241267860746, ""yes"": 0.9924227587321393}","{""yes"": 0.68, ""no"": 0.31999999999999995}",2.7372763000021223,0.7797137999878032
hard-opus-c-probability-03,hard,probability,kuznets_technik,kuznets_technik,kuznets_technik,"{""halvorsen_polymer"": 0.03467609082374229, ""kuznets_technik"": 0.7892241894019792, ""ortega_seal_works"": 0.17609971977427835}","{""kuznets_technik"": 0.9, ""ortega_seal_works"": 0.01, ""halvorsen_polymer"": 0.09}",0.40690089999407064,0.6097176999901421
hard-opus-c-temporal_numeric-02,hard,temporal_numeric,yes,yes,no,"{""no"": 0.02931223075135636, ""yes"": 0.9706877692486436}","{""yes"": 0.18, ""no"": 0.8200000000000001}",0.6356120000127703,0.6484372999984771
hard-opus-c-temporal_numeric-03,hard,temporal_numeric,eur_692_00,eur_693_90,eur_693_90,"{""eur_617_00"": 0.07443510532338077, ""eur_688_00"": 0.2943965524326448, ""eur_692_00"": 0.15757911920616327, ""eur_693_90"": 0.37801265590876126, ""eur_812_00"": 0.0955765671290499}","{""eur_617_00"": 0.24, ""eur_812_00"": 0.07, ""eur_688_00"": 0.25, ""eur_692_00"": 0.18, ""eur_693_90"": 0.26}",0.6255640000017593,0.5916616999893449
hard-opus-c-temporal_numeric-04,hard,temporal_numeric,usd_2335_00,usd_2303_01,usd_2303_33,"{""usd_2222_50"": 0.043091844366630515, ""usd_2303_01"": 0.5249661337520501, ""usd_2303_33"": 0.21883844277869763, ""usd_2335_00"": 0.15040531550911052, ""usd_2340_00"": 0.06269826359351109}","{""usd_2303_33"": 0.43, ""usd_2340_00"": 0.06, ""usd_2335_00"": 0.09, ""usd_2222_50"": 0.1, ""usd_2303_01"": 0.32}",0.5682906000001822,0.6261936999944737
hard-opus-c-temporal_numeric-06,hard,temporal_numeric,sep_18_book_set,none_declined,none_declined,"{""none_declined"": 0.7497182919186288, ""sep_15_office_chair"": 0.10146333738447712, ""sep_16_taxi"": 0.047927886909903974, ""sep_17_parking"": 0.03294032282828318, ""sep_18_book_set"": 0.042296211745415035, ""sep_21_client_dinner"": 0.025653949213291814}","{""sep_17_parking"": 0.02, ""none_declined"": 0.47, ""sep_21_client_dinner"": 0.12, ""sep_18_book_set"": 0.09, ""sep_15_office_chair"": 0.2, ""sep_16_taxi"": 0.1}",0.7270311000029324,0.5962098999880254
hard-opus-c-temporal_numeric-08,hard,temporal_numeric,eur_498_81,eur_513_69,eur_498_81,"{""eur_497_40"": 0.041029940462456525, ""eur_498_81"": 0.23611100518160813, ""eur_506_06"": 0.23611100518160813, ""eur_513_69"": 0.34353948543611346, ""eur_532_01"": 0.14320856373821378}","{""eur_513_69"": 0.16, ""eur_497_40"": 0.25, ""eur_498_81"": 0.31, ""eur_532_01"": 0.1, ""eur_506_06"": 0.18}",0.7058290999993915,0.616779600008158
hard-opus-c-temporal_numeric-12,hard,temporal_numeric,expired_30_month_cap,expired_30_month_cap,covered,"{""covered"": 0.06706964245469926, ""expired_24_month_term"": 0.4373490069123072, ""expired_30_month_cap"": 0.4955813506329936}","{""expired_24_month_term"": 0.24, ""expired_30_month_cap"": 0.38, ""covered"": 0.38}",0.5670154000108596,0.5838476999924751
hard-sol-a-adversarial-01,hard,adversarial,deny_missing_approval,deny_missing_approval,deny_missing_approval,"{""deny_inactive_user"": 0.0055626777708267135, ""deny_missing_approval"": 0.4418982295954048, ""grant_access"": 0.38997381887556115, ""grant_owner_exception"": 0.16256527375820726}","{""grant_owner_exception"": 0.0, ""deny_inactive_user"": 0.0, ""deny_missing_approval"": 1.0, ""grant_access"": 0.0}",0.2598658000060823,0.5547737000015331
hard-sol-a-adversarial-06,hard,adversarial,no,no,no,"{""no"": 0.9859363729567545, ""yes"": 0.014063627043245474}","{""yes"": 0.03, ""no"": 0.97}",0.24069149998831563,0.5648686999920756
hard-sol-a-adversarial-07,hard,adversarial,retain_until_2031,retain_until_2031,retain_until_2031,"{""delete_now"": 0.0016949851112248258, ""needs_signature_review"": 0.0009072601519526199, ""retain_indefinitely"": 0.002466188784737799, ""retain_until_2031"": 0.9949315659520848}","{""delete_now"": 0.0, ""retain_until_2031"": 1.0, ""needs_signature_review"": 0.0, ""retain_indefinitely"": 0.0}",0.2561539000016637,0.5590732999989996
hard-sol-a-adversarial-08,hard,adversarial,yes,yes,yes,"{""no"": 0.009708476481474104, ""yes"": 0.9902915235185259}","{""yes"": 0.93, ""no"": 0.06999999999999995}",0.23670509998919442,0.5580486999970162
hard-sol-a-adversarial-09,hard,adversarial,2,2,2,"{""0"": 0.018236027964569856, ""1"": 0.09261019157781988, ""2"": 0.6038943079780826, ""3"": 0.28525947247952754}","{""0"": 0.0, ""1"": 0.01, ""2"": 0.99, ""3"": 0.0}",0.24842720000015106,0.5818753999919863
hard-sol-a-adversarial-11,hard,adversarial,standard_research,standard_research,standard_research,"{""ethics_review"": 0.03276426145819814, ""major_grants"": 0.008284102623931852, ""manual_hold"": 0.0014395611809088179, ""standard_research"": 0.9575120747369612}","{""major_grants"": 0.0, ""standard_research"": 1.0, ""manual_hold"": 0.0, ""ethics_review"": 0.0}",0.255276199997752,0.5654446999978973
hard-sol-a-multi_hop-01,hard,multi_hop,accept_s2_dusk,accept_s2_dusk,accept_s2_dusk,"{""accept_s2_dusk"": 0.6409268643404331, ""reject_cutoff"": 0.3027524134675984, ""reject_tier"": 0.028160361095984264, ""reroute_s3"": 0.028160361095984264}","{""reject_tier"": 0.02, ""reject_cutoff"": 0.01, ""reroute_s3"": 0.0, ""accept_s2_dusk"": 0.97}",1.6406309000012698,0.586962700006552
hard-sol-a-multi_hop-02,hard,multi_hop,security_primary,security_primary,security_primary,"{""executive_bridge"": 0.033211745000603275, ""heron_q2"": 0.06204770833664689, ""insufficient_information"": 0.14884471457605855, ""security_primary"": 0.7558958320866912}","{""executive_bridge"": 0.0, ""security_primary"": 1.0, ""insufficient_information"": 0.0, ""heron_q2"": 0.0}",1.639841800002614,0.5881336000020383
hard-sol-a-multi_hop-05,hard,multi_hop,require_director,require_director,require_director,"{""pay_manager_approved"": 0.009411205229468178, ""reject_category"": 0.025582308159162088, ""require_director"": 0.9599690314561592, ""require_finance_board"": 0.005037455155210529}","{""reject_category"": 0.0, ""pay_manager_approved"": 0.3, ""require_director"": 0.7, ""require_finance_board"": 0.0}",1.5802791000023717,0.5907401000004029
hard-sol-a-multi_hop-07,hard,multi_hop,admit,deny_prerequisite,admit,"{""admit"": 0.11592259185055429, ""deny_prerequisite"": 0.755910253417318, ""deny_score"": 0.10230132824769242, ""manual_equivalency"": 0.02586582648443524}","{""deny_score"": 0.0, ""deny_prerequisite"": 0.02, ""admit"": 0.98, ""manual_equivalency"": 0.0}",1.5777691999974195,0.5995196000003489
hard-sol-a-multi_hop-08,hard,multi_hop,central_engineering,local_maintenance,central_engineering,"{""central_engineering"": 0.11563620921672409, ""insufficient_log"": 0.012187966782716228, ""local_maintenance"": 0.8544424369700557, ""safety_shutdown"": 0.017733387030503932}","{""safety_shutdown"": 0.0, ""insufficient_log"": 0.01, ""central_engineering"": 0.67, ""local_maintenance"": 0.32}",1.5676849999872502,0.5791949999984354
hard-sol-a-multi_hop-09,hard,multi_hop,require_steward,require_steward,require_steward,"{""confirm_l3"": 0.10062957212119483, ""reject_capacity"": 0.3099609035471165, ""require_steward"": 0.5110391347635618, ""switch_l4"": 0.07837038956812695}","{""reject_capacity"": 0.26, ""confirm_l3"": 0.07, ""switch_l4"": 0.0, ""require_steward"": 0.67}",1.5658576999994693,0.5387039999914123
hard-sol-a-multi_hop-10,hard,multi_hop,approve_45_days,deny_sensitive,approve_45_days,"{""approve_45_days"": 0.14696279851039795, ""deny_sensitive"": 0.39948630465030277, ""needs_field_review"": 0.05406459218899647, ""reduce_to_30_days"": 0.39948630465030277}","{""approve_45_days"": 0.91, ""deny_sensitive"": 0.0, ""reduce_to_30_days"": 0.08, ""needs_field_review"": 0.01}",1.6304931000049692,0.6048967999959132
hard-sol-a-multi_hop-12,hard,multi_hop,needs_authentication,expired,needs_authentication,"{""covered_recurrence"": 0.282912084105016, ""expired"": 0.5989248867502452, ""needs_authentication"": 0.0918481061501864, ""wrong_issue_class"": 0.026314922994552334}","{""covered_recurrence"": 0.08, ""expired"": 0.04, ""needs_authentication"": 0.88, ""wrong_issue_class"": 0.0}",1.5650544999953127,0.575927199999569
hard-sol-a-trap-02,hard,trap,no,no,no,"{""no"": 0.7310585786300049, ""yes"": 0.2689414213699951}","{""yes"": 0.05, ""no"": 0.95}",0.25396690001070965,0.6050638000015169
hard-sol-a-trap-04,hard,trap,no,no,no,"{""no"": 0.7549149868676283, ""yes"": 0.24508501313237172}","{""yes"": 0.04, ""no"": 0.96}",0.19953260000329465,0.5669429999979911
hard-sol-a-trap-05,hard,trap,0,3,0,"{""0"": 0.23690219216425726, ""1"": 0.0987555262918584, ""2"": 0.16282033679657268, ""3"": 0.5015219447473117}","{""0"": 0.88, ""1"": 0.05, ""2"": 0.07, ""3"": 0.0}",0.3058807000052184,0.6603300000133459
hard-sol-a-trap-06,hard,trap,keep_open_unresolved,keep_open_unresolved,keep_open_unresolved,"{""await_internal_metrics"": 0.0007985836773177501, ""close_agent_verified"": 0.002787330914069989, ""close_confirmed"": 0.0040555425496717375, ""keep_open_unresolved"": 0.9923585428589404}","{""await_internal_metrics"": 0.0, ""close_agent_verified"": 0.0, ""keep_open_unresolved"": 1.0, ""close_confirmed"": 0.0}",0.3096079000097234,0.5701197000016691
hard-sol-a-trap-08,hard,trap,late,late,late,"{""canceled"": 0.00015820911597030956, ""indeterminate"": 0.00010873542921339133, ""late"": 0.9984083867451097, ""on_time"": 0.0013246687097066398}","{""indeterminate"": 0.0, ""late"": 1.0, ""on_time"": 0.0, ""canceled"": 0.0}",0.2540891999960877,0.5973612000088906
hard-sol-a-trap-10,hard,trap,blocked_second_review,blocked_second_review,blocked_second_review,"{""blocked_failed_test"": 0.0003231450538310433, ""blocked_second_review"": 0.8500932305767963, ""ready_one_review"": 0.0018595713915141375, ""ready_two_reviews"": 0.14772405297785843}","{""ready_two_reviews"": 0.0, ""blocked_second_review"": 1.0, ""ready_one_review"": 0.0, ""blocked_failed_test"": 0.0}",0.24125949999142904,0.5672594000061508
hard-sol-a-trap-13,hard,trap,no,no,no,"{""no"": 0.7310585786300049, ""yes"": 0.2689414213699951}","{""yes"": 0.03, ""no"": 0.97}",0.236487499991199,0.5662605000106851
hard-sol-a-trap-15,hard,trap,no,yes,no,"{""no"": 0.3486451353339458, ""yes"": 0.6513548646660542}","{""yes"": 0.08, ""no"": 0.92}",0.2533893999934662,0.5482938999921316
hard-sol-b-judge_hard-01,hard,judge_hard,yes,yes,yes,"{""no"": 0.005220125693558342, ""yes"": 0.9947798743064417}","{""yes"": 0.96, ""no"": 0.040000000000000036}",0.25464859999192413,0.5944358999986434
hard-sol-b-judge_hard-02,hard,judge_hard,no,yes,yes,"{""no"": 0.004070137715896038, ""yes"": 0.995929862284104}","{""yes"": 0.9, ""no"": 0.09999999999999998}",0.23633470000640955,0.5918794000026537
hard-sol-b-judge_hard-05,hard,judge_hard,yes,yes,yes,"{""no"": 0.07585818002124345, ""yes"": 0.9241418199787566}","{""yes"": 0.86, ""no"": 0.14}",0.24298729999281932,0.5895633000036469
hard-sol-b-judge_hard-08,hard,judge_hard,no,yes,yes,"{""no"": 0.007577241267860746, ""yes"": 0.9924227587321393}","{""yes"": 0.71, ""no"": 0.29000000000000004}",0.2439870000089286,0.5521271000034176
hard-sol-b-judge_hard-10,hard,judge_hard,no,yes,yes,"{""no"": 0.07585818002124345, ""yes"": 0.9241418199787566}","{""yes"": 0.68, ""no"": 0.31999999999999995}",0.24190160000580363,0.6195975000009639
hard-sol-b-judge_hard-14,hard,judge_hard,no,no,no,"{""no"": 0.6224593312018545, ""yes"": 0.37754066879814546}","{""yes"": 0.02, ""no"": 0.98}",0.24477019999176264,0.5858323999855202
hard-sol-b-judge_hard-15,hard,judge_hard,yes,yes,yes,"{""no"": 0.0035936025814201633, ""yes"": 0.9964063974185798}","{""yes"": 0.96, ""no"": 0.040000000000000036}",0.19803959999990184,0.6093010000040522
hard-sol-b-judge_hard-18,hard,judge_hard,no,yes,yes,"{""no"": 0.005220125693558342, ""yes"": 0.9947798743064417}","{""yes"": 0.85, ""no"": 0.15000000000000002}",0.20262740000907797,0.5681786000059219
hard-sol-b-long_policy-01,hard,long_policy,reject_entire_claim,reject_entire_claim,reject_entire_claim,"{""approve_all"": 0.16698290970160742, ""approve_lodging_only"": 0.3535028226123357, ""approve_meals_only"": 0.025607658580959692, ""reject_entire_claim"": 0.4539066091050971}","{""approve_meals_only"": 0.09, ""reject_entire_claim"": 0.48, ""approve_all"": 0.23, ""approve_lodging_only"": 0.2}",2.123089600005187,0.6632086000026902
hard-sol-b-long_policy-02,hard,long_policy,deny_current_export,deny_current_export,deny_current_export,"{""analytics_owner_only"": 0.0010773584049913085, ""deny_current_export"": 0.5580854705497273, ""privacy_and_security"": 0.4346374014849011, ""privacy_only"": 0.006199769560380249}","{""analytics_owner_only"": 0.0, ""deny_current_export"": 0.78, ""privacy_and_security"": 0.22, ""privacy_only"": 0.0}",2.011503099987749,0.6993335000006482
hard-sol-b-long_policy-05,hard,long_policy,delete_profile_omar_april_and_table,delete_profile_omar_april_and_table,delete_profile_omar_april_and_table,"{""delete_everything"": 0.004325212006752829, ""delete_nothing"": 0.1432313504207825, ""delete_only_profile"": 0.028203925153115223, ""delete_profile_omar_april_and_table"": 0.8242395124193495}","{""delete_everything"": 0.0, ""delete_only_profile"": 0.04, ""delete_nothing"": 0.01, ""delete_profile_omar_april_and_table"": 0.95}",1.9958190000033937,0.7142860999883851
hard-sol-b-long_policy-06,hard,long_policy,east_ward,river_arts,east_ward,"{""east_ward"": 0.13398089910487032, ""harbor_neighbors"": 0.10434442913948389, ""no_award"": 0.08126352312296876, ""river_arts"": 0.680411148632677}","{""no_award"": 0.31, ""harbor_neighbors"": 0.04, ""east_ward"": 0.36, ""river_arts"": 0.29}",2.077053100001649,0.690347900002962
hard-sol-b-routing_hard-01,hard,routing_hard,office_file_repair,office_file_repair,office_file_repair,"{""data_pipeline"": 0.00013975918144516704, ""desktop_support"": 0.00023042393522428557, ""finance_review"": 0.0001233370447331184, ""office_file_repair"": 0.9994104248515777, ""spreadsheet_formula"": 9.605498701986548e-05}","{""spreadsheet_formula"": 0.0, ""office_file_repair"": 1.0, ""data_pipeline"": 0.0, ""desktop_support"": 0.0, ""finance_review"": 0.0}",0.258568400007789,0.5717887999926461
hard-sol-b-routing_hard-02,hard,routing_hard,ledger_reconciliation,ledger_reconciliation,ledger_reconciliation,"{""customer_support"": 3.535231499004429e-05, ""fraud_review"": 4.0059421043299866e-05, ""ledger_reconciliation"": 0.9998533306868145, ""mobile_app"": 2.586430616616105e-05, ""payment_disputes"": 4.5393270985967915e-05}","{""ledger_reconciliation"": 1.0, ""customer_support"": 0.0, ""payment_disputes"": 0.0, ""mobile_app"": 0.0, ""fraud_review"": 0.0}",0.2637360000080662,0.5874233999929857
hard-sol-b-routing_hard-03,hard,routing_hard,network_dns,network_dns,network_dns,"{""api_platform"": 6.588095799291561e-05, ""authoritative_dns"": 0.00048679809446094713, ""endpoint_devices"": 0.22253717531220094, ""network_dns"": 0.7767310626243917, ""tls_certificates"": 0.00017908301095361623}","{""api_platform"": 0.0, ""tls_certificates"": 0.0, ""network_dns"": 1.0, ""endpoint_devices"": 0.0, ""authoritative_dns"": 0.0}",0.26867330000095535,0.6238847999920836
hard-sol-b-routing_hard-07,hard,routing_hard,release_notarization,release_notarization,release_notarization,"{""ci_infrastructure"": 0.0016733295586070242, ""code_signing"": 0.014010616858069858, ""endpoint_security"": 0.001896130800806545, ""macos_runtime"": 0.00019985071607287667, ""release_notarization"": 0.9822200720664437}","{""macos_runtime"": 0.0, ""ci_infrastructure"": 0.0, ""code_signing"": 0.0, ""release_notarization"": 1.0, ""endpoint_security"": 0.0}",0.26486199999635573,0.5443216999992728
hard-sol-b-routing_hard-09,hard,routing_hard,source_access,source_access,source_access,"{""git_client"": 0.0006876661663020435, ""identity_login"": 0.0008829808357280432, ""repository_admin"": 0.029240309445998005, ""source_access"": 0.968306062716244, ""vpn_network"": 0.0008829808357280432}","{""source_access"": 1.0, ""repository_admin"": 0.0, ""git_client"": 0.0, ""vpn_network"": 0.0, ""identity_login"": 0.0}",0.26432829999248497,0.5690262999996776
hard-sol-b-temporal_numeric-01,hard,temporal_numeric,late_by_under_2h,late_by_2h_or_more,within_window,"{""before_open"": 0.03377827977530531, ""late_by_2h_or_more"": 0.5987343351106765, ""late_by_under_2h"": 0.11789778092891262, ""within_window"": 0.24958960418510548}","{""late_by_2h_or_more"": 0.2, ""late_by_under_2h"": 0.14, ""within_window"": 0.6, ""before_open"": 0.06}",0.2550873000000138,0.5379251000122167
hard-sol-b-temporal_numeric-02,hard,temporal_numeric,over_limit,over_limit,at_least_100gb_below,"{""at_least_100gb_below"": 0.02649350308059529, ""exactly_equal"": 0.02649350308059529, ""over_limit"": 0.7742536523863389, ""under_100gb_below"": 0.17275934145247052}","{""exactly_equal"": 0.02, ""under_100gb_below"": 0.29, ""at_least_100gb_below"": 0.41, ""over_limit"": 0.28}",0.2599441000056686,0.5621622000035131
hard-sol-b-temporal_numeric-03,hard,temporal_numeric,9_credits,6_credits,9_credits,"{""12_credits"": 0.11216422483176795, ""15_credits"": 0.30489397416338965, ""6_credits"": 0.3454901351726419, ""9_credits"": 0.23745166583220054}","{""15_credits"": 0.1, ""9_credits"": 0.59, ""12_credits"": 0.18, ""6_credits"": 0.13}",0.24286080000456423,0.5671160000056261
hard-sol-b-temporal_numeric-04,hard,temporal_numeric,pass,narrow_fail,narrow_fail,"{""clear_fail"": 0.06417921195855406, ""narrow_fail"": 0.7818628620877929, ""pass"": 0.15395792595365304}","{""pass"": 0.22, ""clear_fail"": 0.31, ""narrow_fail"": 0.47}",0.2448556000017561,0.5624196999997366
hard-sol-c-judge_hard-03,hard,judge_hard,no,yes,no,"{""no"": 0.06754669113962908, ""yes"": 0.9324533088603709}","{""yes"": 0.42, ""no"": 0.5800000000000001}",0.3136297999881208,0.5543030000117142
hard-sol-c-judge_hard-05,hard,judge_hard,yes,yes,yes,"{""no"": 0.14804719803168942, ""yes"": 0.8519528019683106}","{""yes"": 0.87, ""no"": 0.13}",0.3129177999944659,0.56031190000067
hard-sol-c-judge_hard-07,hard,judge_hard,no,yes,no,"{""no"": 0.10669059394565128, ""yes"": 0.8933094060543487}","{""yes"": 0.2, ""no"": 0.8}",0.2640419999952428,0.5472949999966659
hard-sol-c-judge_hard-08,hard,judge_hard,no,yes,no,"{""no"": 0.2018132222603788, ""yes"": 0.7981867777396212}","{""yes"": 0.09, ""no"": 0.91}",0.2621729999955278,0.5298896000022069
hard-sol-c-judge_hard-09,hard,judge_hard,yes,yes,yes,"{""no"": 0.022977369910025636, ""yes"": 0.9770226300899744}","{""yes"": 0.85, ""no"": 0.15000000000000002}",0.30990989999554586,0.592766899993876
hard-sol-c-judge_hard-10,hard,judge_hard,yes,yes,yes,"{""no"": 0.01798620996209155, ""yes"": 0.9820137900379085}","{""yes"": 0.82, ""no"": 0.18000000000000005}",0.3158132999960799,0.5635428999958094
hard-sol-c-judge_hard-11,hard,judge_hard,no,no,no,"{""no"": 0.7549149868676283, ""yes"": 0.24508501313237172}","{""yes"": 0.03, ""no"": 0.97}",0.3094414999941364,0.5651058000075864
hard-sol-c-judge_hard-13,hard,judge_hard,no,yes,yes,"{""no"": 0.025957357197796904, ""yes"": 0.9740426428022031}","{""yes"": 0.56, ""no"": 0.43999999999999995}",0.2576176000002306,0.5513772999984212
hard-sol-c-judge_hard-15,hard,judge_hard,yes,yes,yes,"{""no"": 0.022977369910025636, ""yes"": 0.9770226300899744}","{""yes"": 0.76, ""no"": 0.24}",0.25389029999496415,0.5873320999962743
hard-sol-c-multi_hop-07,hard,multi_hop,programme_review,programme_review,programme_review,"{""partial_release"": 0.000536087228970167, ""programme_review"": 0.9692684478262812, ""reject_draw"": 0.0074004559225218074, ""release_draw"": 0.022795009022226902}","{""programme_review"": 0.93, ""release_draw"": 0.05, ""partial_release"": 0.0, ""reject_draw"": 0.02}",1.956633599998895,0.6099546999903396
hard-sol-c-multi_hop-09,hard,multi_hop,bus_substitution,bus_substitution,bus_substitution,"{""bus_substitution"": 0.611863937901953, ""call_fen_cross"": 0.0443232749996378, ""pass_fen_cross"": 0.016305621637754918, ""terminate_oakmere"": 0.32750716546065417}","{""bus_substitution"": 1.0, ""pass_fen_cross"": 0.0, ""terminate_oakmere"": 0.0, ""call_fen_cross"": 0.0}",1.9612616000085836,0.5557340000086697
hard-sol-c-multi_hop-11,hard,multi_hop,coverage_excluded,coverage_excluded,coverage_excluded,"{""adjuster_referral"": 0.009282058322250628, ""coverage_confirmed"": 0.27126150648342584, ""coverage_excluded"": 0.5742606137317917, ""documentation_needed"": 0.14519582146253185}","{""coverage_confirmed"": 0.03, ""documentation_needed"": 0.04, ""adjuster_referral"": 0.01, ""coverage_excluded"": 0.92}",2.0060694999992847,0.6079716999956872
hard-sol-c-multi_hop-12,hard,multi_hop,conservation_hold,supervised_delivery,conservation_hold,"{""conservation_hold"": 0.009113285239190284, ""deny_request"": 0.04628108124995617, ""digital_copy_only"": 0.015025267219810526, ""supervised_delivery"": 0.9295803662910431}","{""conservation_hold"": 1.0, ""deny_request"": 0.0, ""digital_copy_only"": 0.0, ""supervised_delivery"": 0.0}",0.41250720000243746,0.5462583000044106
hard-sol-c-multi_hop-13,hard,multi_hop,normal_release,normal_release,normal_release,"{""engineering_review"": 4.538369251801223e-05, ""normal_release"": 0.9996423508900218, ""rework"": 0.00010886981873045898, ""scrap_lot"": 0.0002033955987295588}","{""scrap_lot"": 0.0, ""rework"": 0.0, ""normal_release"": 1.0, ""engineering_review"": 0.0}",1.9994736999942688,0.569519600001513
